{
    "metadata": {
        "title": "case14_con",
        "description": "IEEE 14 bus system with reduced capacity",
        "minimum_version": "0.4"
    },
    "version": 2,
    "baseMVA": 100.000000,
    "NoBus": 14,
    "NoBranch": 20,
    "NoGen": 5,
    "Slack": 1,
    "bus": {
        "BUS_I": [1, 2, 3, 4, 5, 6, 7, 8, 9, 10, 11, 12, 13, 14],
        "BUS_TYPE": [3, 2, 2, 1, 1, 2, 1, 2, 1, 1, 1, 1, 1, 1],
        "PD": [0.000000, 86.800000, 376.800000, 191.200000, 30.400000, 44.800000, 0.000000, 0.000000, 118.000000, 36.000000, 14.000000, 24.400000, 54.000000, 59.600000],
        "QD": [0.000000, 50.800000, 76.000000, -15.600000, 6.400000, 30.000000, 0.000000, 0.000000, 66.400000, 23.200000, 7.200000, 6.400000, 23.200000, 20.000000],
        "GS": [0.000000, 0.000000, 0.000000, 0.000000, 0.000000, 0.000000, 0.000000, 0.000000, 0.000000, 0.000000, 0.000000, 0.000000, 0.000000, 0.000000],
        "BS": [0.000000, 0.000000, 0.000000, 0.000000, 0.000000, 0.000000, 0.000000, 0.000000, 19.000000, 0.000000, 0.000000, 0.000000, 0.000000, 0.000000],
        "BUS_AREA": [1, 1, 1, 1, 1, 1, 1, 1, 1, 1, 1, 1, 1, 1],
        "VM": [1.060000, 1.045000, 1.010000, 1.019000, 1.020000, 1.070000, 1.062000, 1.090000, 1.056000, 1.051000, 1.057000, 1.055000, 1.050000, 1.036000],
        "VA": [0.000000, -4.980000, -12.720000, -10.330000, -8.780000, -14.220000, -13.370000, -13.360000, -14.940000, -15.100000, -14.790000, -15.070000, -15.160000, -16.040000],
        "BASE_KV": [0.000000, 0.000000, 0.000000, 0.000000, 0.000000, 0.000000, 0.000000, 0.000000, 0.000000, 0.000000, 0.000000, 0.000000, 0.000000, 0.000000],
        "ZONE": [1, 1, 1, 1, 1, 1, 1, 1, 1, 1, 1, 1, 1, 1],
        "VMAX": [1.060000, 1.060000, 1.060000, 1.060000, 1.060000, 1.060000, 1.060000, 1.060000, 1.060000, 1.060000, 1.060000, 1.060000, 1.060000, 1.060000],
        "VMIN": [0.940000, 0.940000, 0.940000, 0.940000, 0.940000, 0.940000, 0.940000, 0.940000, 0.940000, 0.940000, 0.940000, 0.940000, 0.940000, 0.940000]
    },
    "branch": {
        "F_BUS": [1, 1, 2, 2, 2, 3, 4, 4, 4, 5, 6, 6, 6, 7, 7, 9, 9, 10, 12, 13],
        "T_BUS": [2, 5, 3, 4, 5, 4, 5, 7, 9, 6, 11, 12, 13, 8, 9, 10, 14, 11, 13, 14],
        "BR_R": [0.009690, 0.027015, 0.023495, 0.029055, 0.028475, 0.033505, 0.006675, 0.000000, 0.000000, 0.000000, 0.047490, 0.061455, 0.033075, 0.000000, 0.000000, 0.015905, 0.063555, 0.041025, 0.110460, 0.085465],
        "BR_X": [0.059170, 0.223040, 0.197970, 0.176320, 0.173880, 0.171030, 0.042110, 0.209120, 0.556180, 0.252020, 0.198900, 0.255810, 0.130270, 0.176150, 0.110010, 0.084500, 0.270380, 0.192070, 0.199880, 0.348020],
        "BR_B": [0.052800, 0.049200, 0.043800, 0.034000, 0.034600, 0.012800, 0.000000, 0.000000, 0.000000, 0.000000, 0.000000, 0.000000, 0.000000, 0.000000, 0.000000, 0.000000, 0.000000, 0.000000, 0.000000, 0.000000],
        "RATE_A": [750.000000, 350.000000, 100.000000, 250.000000, 200.000000, 200.000000, 275.000000, 200.000000, 200.000000, 200.000000, 200.000000, 200.000000, 200.000000, 200.000000, 200.000000, 200.000000, 200.000000, 200.000000, 200.000000, 200.000000],
        "RATE_B": [0.000000, 0.000000, 0.000000, 0.000000, 0.000000, 0.000000, 0.000000, 0.000000, 0.000000, 0.000000, 0.000000, 0.000000, 0.000000, 0.000000, 0.000000, 0.000000, 0.000000, 0.000000, 0.000000, 0.000000],
        "RATE_C": [0.000000, 0.000000, 0.000000, 0.000000, 0.000000, 0.000000, 0.000000, 0.000000, 0.000000, 0.000000, 0.000000, 0.000000, 0.000000, 0.000000, 0.000000, 0.000000, 0.000000, 0.000000, 0.000000, 0.000000],
        "TAP": [0.000000, 0.000000, 0.000000, 0.000000, 0.000000, 0.000000, 0.000000, 0.978000, 0.969000, 0.932000, 0.000000, 0.000000, 0.000000, 0.000000, 0.000000, 0.000000, 0.000000, 0.000000, 0.000000, 0.000000],
        "SHIFT": [0.000000, 0.000000, 0.000000, 0.000000, 0.000000, 0.000000, 0.000000, 0.000000, 0.000000, 0.000000, 0.000000, 0.000000, 0.000000, 0.000000, 0.000000, 0.000000, 0.000000, 0.000000, 0.000000, 0.000000],
        "BR_STATUS": [1, 1, 1, 1, 1, 1, 1, 1, 1, 1, 1, 1, 1, 1, 1, 1, 1, 1, 1, 1],
        "ANGMIN": [-360.000000, -360.000000, -360.000000, -360.000000, -360.000000, -360.000000, -360.000000, -360.000000, -360.000000, -360.000000, -360.000000, -360.000000, -360.000000, -360.000000, -360.000000, -360.000000, -360.000000, -360.000000, -360.000000, -360.000000],
        "ANGMAX": [360.000000, 360.000000, 360.000000, 360.000000, 360.000000, 360.000000, 360.000000, 360.000000, 360.000000, 360.000000, 360.000000, 360.000000, 360.000000, 360.000000, 360.000000, 360.000000, 360.000000, 360.000000, 360.000000, 360.000000]
    },
    "gen": {
        "GEN_BUS": [1, 2, 3, 6, 8],
        "PG": [232.400000, 40.000000, 0.000000, 0.000000, 0.000000],
        "QG": [-16.900000, 42.400000, 23.400000, 12.200000, 17.400000],
        "QMAX": [10.000000, 50.000000, 40.000000, 24.000000, 24.000000],
        "QMIN": [0.000000, -40.000000, 0.000000, -6.000000, -6.000000],
        "VG": [1.060000, 1.045000, 1.010000, 1.070000, 1.090000],
        "MBASE": [100.000000, 100.000000, 100.000000, 100.000000, 100.000000],
        "GEN": [1, 1, 1, 1, 1],
        "PMAX": [1020.000000, 400.000000, 400.000000, 400.000000, 400.000000],
        "PMIN": [0.000000, 0.000000, 0.000000, 0.000000, 0.000000],
        "PC1": [0.000000, 0.000000, 0.000000, 0.000000, 0.000000],
        "PC2": [0.000000, 0.000000, 0.000000, 0.000000, 0.000000],
        "QC1MIN": [0.000000, 0.000000, 0.000000, 0.000000, 0.000000],
        "QC1MAX": [0.000000, 0.000000, 0.000000, 0.000000, 0.000000],
        "QC2MIN": [0.000000, 0.000000, 0.000000, 0.000000, 0.000000],
        "QC2MAX": [0.000000, 0.000000, 0.000000, 0.000000, 0.000000],
        "RAMP_AGC": [0.000000, 0.000000, 0.000000, 0.000000, 0.000000],
        "RAMP_10": [0.000000, 0.000000, 0.000000, 0.000000, 0.000000],
        "RAMP_30": [0.000000, 0.000000, 0.000000, 0.000000, 0.000000],
        "RAMP_Q": [0.000000, 0.000000, 0.000000, 0.000000, 0.000000],
        "APF": [0.000000, 0.000000, 0.000000, 0.000000, 0.000000]
    },
    "gencost": {
        "MODEL": [2, 2, 2, 2, 2],
        "STARTUP": [0.000000, 0.000000, 0.000000, 0.000000, 0.000000],
        "SHUTDOWN": [0.000000, 0.000000, 0.000000, 0.000000, 0.000000],
        "NCOST": [3, 3, 3, 3, 3],
        "COST": [
            [0.000000, 10.000000, 0.000000],
            [0.250000, 20.000000, 0.000000],
            [0.250000, 40.000000, 0.000000],
            [0.300000, 40.000000, 0.000000],
            [0.400000, 40.000000, 0.000000]
        ]
    }
}
