{
    "metadata": {
        "title": "case4",
        "description": "IEEE 4 bus system",
        "minimum_version": "0.4"
    },
    "version": 2,
    "baseMVA": 100.000000,
    "NoBus": 4,
    "NoBranch": 4,
    "NoGen": 2,
    "Slack": 1,
    "bus": {
        "BUS_I": [1, 2, 3, 4],
        "BUS_TYPE": [3, 1, 1, 2],
        "PD": [50.000000, 170.000000, 200.000000, 80.000000],
        "QD": [30.990000, 105.350000, 123.940000, 49.580000],
        "GS": [0.000000, 0.000000, 0.000000, 0.000000],
        "BS": [0.000000, 0.000000, 0.000000, 0.000000],
        "BUS_AREA": [1, 1, 1, 1],
        "VM": [1.000000, 1.000000, 1.000000, 1.000000],
        "VA": [0.000000, 0.000000, 0.000000, 0.000000],
        "BASE_KV": [230.000000, 230.000000, 230.000000, 230.000000],
        "ZONE": [1, 1, 1, 1],
        "VMAX": [1.100000, 1.100000, 1.100000, 1.100000],
        "VMIN": [0.900000, 0.900000, 0.900000, 0.900000]
    },
    "branch": {
        "F_BUS": [1, 1, 2, 3],
        "T_BUS": [2, 3, 4, 4],
        "BR_R": [0.010080, 0.007440, 0.007440, 0.012720],
        "BR_X": [0.050400, 0.037200, 0.037200, 0.063600],
        "BR_B": [0.102500, 0.077500, 0.077500, 0.127500],
        "RATE_A": [250.000000, 250.000000, 80.000000, 250.000000],
        "RATE_B": [250.000000, 250.000000, 250.000000, 250.000000],
        "RATE_C": [250.000000, 250.000000, 250.000000, 250.000000],
        "TAP": [0.000000, 0.000000, 0.000000, 0.000000],
        "SHIFT": [0.000000, 0.000000, 0.000000, 0.000000],
        "BR_STATUS": [1, 1, 1, 1],
        "ANGMIN": [-360.000000, -360.000000, -360.000000, -360.000000],
        "ANGMAX": [360.000000, 360.000000, 360.000000, 360.000000]
    },
    "gen": {
        "GEN_BUS": [4, 1],
        "PG": [318.000000, 0.000000],
        "QG": [0.000000, 0.000000],
        "QMAX": [100.000000, 100.000000],
        "QMIN": [-100.000000, -100.000000],
        "VG": [1.020000, 1.000000],
        "MBASE": [100.000000, 100.000000],
        "GEN": [1, 1],
        "PMAX": [1000.000000, 1000.000000],
        "PMIN": [0.000000, 0.000000],
        "PC1": [0.000000, 0.000000],
        "PC2": [0.000000, 0.000000],
        "QC1MIN": [0.000000, 0.000000],
        "QC1MAX": [0.000000, 0.000000],
        "QC2MIN": [0.000000, 0.000000],
        "QC2MAX": [0.000000, 0.000000],
        "RAMP_AGC": [0.000000, 0.000000],
        "RAMP_10": [0.000000, 0.000000],
        "RAMP_30": [0.000000, 0.000000],
        "RAMP_Q": [0.000000, 0.000000],
        "APF": [0.000000, 0.000000]
    },
    "gencost": {
        "MODEL": [2, 2],
        "STARTUP": [0.000000, 0.000000],
        "SHUTDOWN": [0.000000, 0.000000],
        "NCOST": [3, 3],
        "COST": [
            [0.043029, 20.000000, 0.000000],
            [0.250000, 20.000000, 0.000000]
        ]
    }
}